id,frist_name,last_name,email,phone,dob,address,age
1,James,Anderson,james.anderson@example.com,202-555-0101,1994-03-14,"1458 Maple Street, Austin, TX",32
2,Olivia,Martinez,olivia.martinez@example.com,202-555-0102,1989-07-22,"87 Lakeview Drive, Denver, CO",36
3,Noah,Thompson,noah.thompson@example.com,202-555-0103,1998-11-05,"412 Cedar Lane, Phoenix, AZ",27
4,Emma,Roberts,emma.roberts@example.com,202-555-0104,1992-01-30,"990 Willow Road, Seattle, WA",34
5,Liam,Walker,liam.walker@example.com,202-555-0105,1987-09-18,"56 Highland Ave, Chicago, IL",38
6,Ava,Hall,ava.hall@example.com,202-555-0106,1996-06-11,"221 Sunset Blvd, Los Angeles, CA",29
7,William,Allen,william.allen@example.com,202-555-0107,1991-12-03,"19 Birch Court, Miami, FL",34
8,Sophia,Young,sophia.young@example.com,202-555-0108,1999-04-27,"701 River Street, Portland, OR",26
9,Benjamin,Hernandez,benjamin.hernandez@example.com,202-555-0109,1985-08-09,"315 Oak Avenue, Dallas, TX",40
10,Isabella,King,isabella.king@example.com,202-555-0110,1993-10-16,"48 Cherry Street, Atlanta, GA",32
11,Lucas,Wright,lucas.wright@example.com,202-555-0111,1997-02-21,"902 Spruce Way, Boston, MA",28
12,Mia,Lopez,mia.lopez@example.com,202-555-0112,1990-05-13,"114 Park Lane, San Diego, CA",35
13,Henry,Scott,henry.scott@example.com,202-555-0113,1988-11-29,"63 Forest Drive, Nashville, TN",37
14,Charlotte,Green,charlotte.green@example.com,202-555-0114,1995-07-08,"780 Elm Street, Columbus, OH",30
15,Alexander,Adams,alexander.adams@example.com,202-555-0115,1992-09-24,"256 Pine Circle, Charlotte, NC",33
16,Amelia,Baker,amelia.baker@example.com,202-555-0116,1986-03-17,"431 Walnut Street, Detroit, MI",39
17,Daniel,Gonzalez,daniel.gonzalez@example.com,202-555-0117,2000-01-12,"88 Meadow Road, Las Vegas, NV",25
18,Harper,Nelson,harper.nelson@example.com,202-555-0118,1994-12-01,"609 Hillcrest Ave, Minneapolis, MN",31
19,Michael,Carter,michael.carter@example.com,202-555-0119,1991-06-19,"172 Brookside Dr, Kansas City, MO",34
20,Evelyn,Mitchell,evelyn.mitchell@example.com,202-555-0120,1998-08-25,"540 Rosewood Lane, Raleigh, NC",27
